{
    "cs_italy": {
        "x": -2647,
        "y": 2592,
        "scale": 4.6
    },
    "cs_office": {
        "x": -1838,
        "y": 1858,
        "scale": 4.1
    },
    "de_ancient": {
        "x": -2953,
        "y": 2164,
        "scale": 5
    },
    "de_anubis": {
        "x": -2796,
        "y": 3328,
        "scale": 5.22
    },
    "de_basalt": {
        "x": -2345.6,
        "y": 2391.8,
        "scale": 4.37
    },
    "de_dust2": {
        "x": -2476,
        "y": 3239,
        "scale": 4.4
    },
    "de_edin": {
        "x": -383.30038,
        "y": 4420.2134,
        "scale": 4.803717
    },
    "de_inferno": {
        "x": -2087,
        "y": 3870,
        "scale": 4.9
    },
    "de_mills": {
        "x": -4810,
        "y": -320,
        "scale": 5.148437
    },
    "de_mirage": {
        "x": -3230,
        "y": 1713,
        "scale": 5.0
    },
    "de_nuke": {
        "x": -3453,
        "y": 2887,
        "scale": 7
    },
    "de_overpass": {
        "x": -4831,
        "y": 1781,
        "scale": 5.2
    },
    "de_thera": {
        "x": -85.609764,
        "y": 2261.8025,
        "scale": 4.846961
    },
    "de_train": {
        "x": -2308,
        "y": 2078,
        "scale": 4.082077
    },
    "de_vertigo": {
        "x": -3168,
        "y": 1762,
        "scale": 4.0
    }
}